juso,name,subscription
/channel/UCoyyHn7IvRY0psS42aw7Wpw,뷰티 DaDa,"258,238"
/channel/UCU8mou_JjcF-IXZMkAqpA6g,Lena's Pocket Beauty,"595,044"
/channel/UCMWjW6pofWn1f988jGd4-xw,딩고 뷰티,"80,982"
/user/Hines382,ssin 씬님,"1,269,749"
/user/adrenallingb,Dayeong's Beauty drawing,"473,878"
/channel/UCT-_4GqC-yLY1xtTHhwY0hA,PONY Makeup,"2,529,682"
/user/kyungsunxoxo,Kyung Sun,"343,847"
/channel/UCrT1YgI2xco9yE3d6p_kxJA,뷰티바이베라 Beautybyvera,"47,542"
/channel/UCZhop6rsh6d0Fy9g38I6Ekg,엠마뷰티 EMMA BEAUTY,"8,762"
/user/beautifymeeh,Beautifymeeh 뷰티파이미,"451,245"
/channel/UCGm_ZIOeI1UbW6Qduiz4uMA,Oah's Beautycode 오아의 뷰티코드,"2,548"
/user/Sobbang2,So Young's Beauty Room ♥,"372,111"
/channel/UCXuzhVKNO9ZLm1q7edeipIw,Soo Beauty,"4,654"
/user/somevely,썸블리,"202,745"
/channel/UCByBt2K_aku6e_c_JDaPRKg,오나미의 뷰티TV,"1,551"
/user/doublej0128,Sae Byeock,"266,312"
/channel/UCc3TdvFGZgiRwLFTRasg5lg,진짜 뷰티 - 주제,7
/channel/UCoJ_56-OMSe_jrp42ClhODA,차홍뷰티,"3,137"
/channel/UC6HsxlERvrspc6dH4JaZGUQ,맨지의 메리뷰티,"5,265"
/user/pnjparkjun,뷰티랩TV,0
/channel/UCnFFOjljp1_sacTz7PfIIyg,LeoJ Makeup,"102,986"
/channel/UCbq8eC1BqEOMTvaiTqEAboQ,일반인들의 겟잇뷰티,554
/channel/UCmsRD5l54nq9pox_3B7KhCg,김기수,"82,506"
/channel/UC_VW92_vGVt9nwM0AJOhowA,MINJ 민제이,"37,005"
/channel/UCji8pHSjTKh_5XeN9f8Q2dQ,베이니 뷰티(Beinny Beauty),24
/user/yooncharmi,윤쨔미 YoonCharmi,"749,734"
/channel/UCG03yPqN9khPWKOHE3IM67Q,어니의뷰티 (Uhnee's Beauty),"9,204"
/channel/UCuQL6RvLuJUE3WLV57wTbBA,Beauty Station 뷰티스테이션,"14,754"
/channel/UCSIWXKEE3V4pdkyTVmSBHJQ,미퍼리유 10대뷰티,157
/channel/UCOLNHMe_f5h2S8IUhqp1Ygw,hoonhoon beauty 훈훈 뷰티,12
/channel/UCbpFfL0r2Xpqyi3y2n6VF3w,뷰티 멘토 BEAUTY MENTOR,"2,926"
/user/hokijeong,Beautycrew 뷰티크루,"3,716"
/channel/UCK6mIS89DYmaIxPPz5cdQXg,성아의 인생뷰티,"1,108"
/channel/UCF-IDGYJvJSTjVagIjh2FWw,뷰티예연,23
/channel/UCkUHf4-UQgtKGkhHjBcvSGA,뷰티아카데미,"7,773"
/channel/UCW_6zcw_edYeoQ8Br19S83g,뷰티어택 BeautyAttack,596
/channel/UCCA2eWrdHLqHvCF1NKFFc6w,앨리의 뷰티 다이어리,698
/channel/UCAXj6Qnek_9qUF5HQEgfYXA,SELFBEAUTY 셀프뷰티,"15,020"
/channel/UCo3SdScV0rd1OlP4dPirArg,뷰티스케치 TV,"13,717"
/channel/UCxM21Vv4bWq106MxIPvrGQw,써니채널 Sunny's Channel,"938,360"
/channel/UCVlr882XM68aSh9PT5TyRMw,뷰티러브,1
/channel/UChfiOtb-CBIiUXqDwwhZd_g,슈니뷰티,0
/channel/UCa8hpGha-nd6bUccDpwCmug,정서연뷰티해피,2
/channel/UCvwVaqh38JYHoMRIBiix4cQ,윤드뷰티,196
/user/woojung951230,MARONG 마롱,"49,369"
/channel/UC854UQk63V8afMRnhcH_C7g,아카데미골근위수영뷰티,"2,491"
/channel/UC0rxja8BnIjOzugQKScYt2g,혁명뷰티,98
/channel/UCcm16e1mrjofutxG9gA4_CQ,미래뷰티 Mirea Beauty,125
/channel/UCtG5uZzF8NNCPuv5Yve37_w,뷰티혁명_ Youtube,"2,826"
/channel/UC16-yqg3ZYB69toDQ7um54Q,닥터뷰티 dr.beauty,1
/user/sooji0911,우사다 뷰티 채널 :^),"6,460"
/channel/UC6mtHPpMKE-8_IKfjlaCVDA,뷰티계예하,859
/channel/UCwVBiwn7WXHh55ILhgK5QmQ,Beauty1 뷰티원,697
/channel/UC98fTPrZusU_PF8V8fo3kJQ,뷰티사관학교,44
/channel/UCaabrV9HPdlXCYbOi1AFZHw,유닉스뷰티,"1,413"
/channel/UCFcrSfJFF2_7Sfo1kpYL7DQ,코리아 뷰티 앤 코스메틱 쇼(K-Beauty&amp;Cosmetic Show),1
/channel/UC5u0ZAjYsDroA7OxPWusW8w,바이탈뷰티 VITALBEAUTIE,"2,299"
/channel/UCLd5YSeRU_HHMQaWsoefQzg,조성아뷰티,32
/channel/UCzlZ-o36GFz_hTB2br_Noow,패션뷰티 Minni,656
/channel/UCjJN0fe14BaSDCJ3NhKtbjA,나예리의 이중자아 뷰티 Beauty of the double self,880
/channel/UCH7HNMmcmDFNrv7qmLKoLnA,꾸미뷰티 06_,17
/user/beautytalkapp,BeautyTalkTV,"23,842"
/channel/UCP34yEMjJLAzos1xviZ6l3A,kbeautyjung 케이뷰티쩡,26
/channel/UC3xrV8rCkwN8RDMGyhkvynA,뷰티포인트예나의,87
/channel/UCzaf9jAz-SMq931MVgqB3GQ,뷰티어트TV,524
/channel/UCBqTOiM9BpmmEBkyY9coMFg,뷰티나라,44
/channel/UCgtiD330ZR7OGALCFIoxLsQ,강남K뷰티성형외과,16
/channel/UCyeugt8sBj0r0KPBUhxmECQ,헤어 스타일링 | 스타뷰티 | tips for eyes maquillaje de Corea,20
/channel/UCxPD0VA6Y_l2j2EJz323dfA,애프터스쿨의 뷰티 바이블 (AfterSchool BeautyBible),"2,351"
/channel/UCJwNR8fH1e-3WXHOGhnR2-g,맘스퀸뷰티톡톡,16
/channel/UCt1PAGbAedG8bfZWY6H5Ixw,뷰티TV (Korea.Beauty.TV),"2,492"
/user/MiaMakeup24,미아Mia,"371,166"
/channel/UCtzU9WKATsOQSmhmpFukNIA,BEAUTYNSER,"38,017"
/channel/UCSOQ2jJr18YtRRX2IouKe4A,룡이의뷰티놀이,415
/channel/UClwabz2daTNM-2cIsQOiuBw,종근당건강 이너뷰티,1
/user/BEAUTYMEETS,BEAUTYMEETS,"31,834"
/channel/UCNxteNeNsFpMhZKgT8ZPO2g,뷰티상회 반영구·속눈썹·왁싱 재료상,261
/channel/UCIoLcPbl3B9zNA4AuZiCgVw,과학뷰티,84
/channel/UC0UvVwbbmLohI2Z618D4jNw,알바생 열매의 취미생활,"26,585"
/channel/UCdI9TJRtulxWXgzY2RU6o1w,뷰티한국,603
/channel/UCmS9moz823DNDndwrPG8slw,월드뷰티페스티벌,1
/channel/UCi0cmTjesw2AddVmT3tMaHA,율하뷰티계,809
/channel/UCddNGx8nec6ZGMI2QFcy_9Q,아솜뷰티,91
/channel/UCWDOfi1kKnZsrSg9JdSJJsQ,하임뷰티 Haimbeauty_,1
/channel/UC9kmlDcqksaOnCkC_qzGacA,Risabae 이사배,"857,295"
/channel/UCtTgwABl21SNGDYfz9aqbFg,뷰티로즈,38
/user/BEAUTYTVKOREA,뷰티TV,"1,346"
/channel/UChHG3U4TglPiyr1_R4V01bw,차재뷰티,"1,906"
/channel/UCuoETVUJmCTBorpnn5GeG_w,뷰티테라피스트 송현,317
/channel/UCXEBo6Dtm_evv9oG-mpwxkw,뷰티하윤 _,4
/channel/UCPNuemAGC23aTkFthsWO26Q,뷰티로즈,6
/channel/UCwRenK7z1CzvxMcQgzYFrtg,뷰티 - 주제,"515,521"
/channel/UCsWUstgOrdbnoK2BEbTMcwg,저장소뷰티,507
/channel/UCwcKb4eRe7fjanwCM1sB7Bw,Beautifymeeh 뷰티파이미,9
/channel/UCy4DjcSknuANVHr9bjbvPBg,주아메이드 토탈 뷰티샵,12
/channel/UCrKCg7P7shXx68glk_q-yxw,뷰티박스TV,12
/channel/UCse3whJA-YTpPXfjkNwq3Lg,우제원장루미오뷰티하우스,1
/channel/UC4Dp6HHVHrOnhSmWi9Wwl9A,뷰티미니,225
/channel/UCVnmoeJGBY6I6F4C8TgRoZA,류씽 R Y U S S I N G,"10,608"
/channel/UCoAr8nx7cAUY2ON7FeifjSA,윤봄뷰티,274
/channel/UC27nYcsIv223HYBGVnGgbtw,이프's 도란도란 뷰티,"1,004"
/user/nabaram1x,박준뷰티랩 이수역점,92
/channel/UCImyxLx3nS7dpkoICfg2wjw,Lady Yang 아르헨티나 뷰티야,521
/channel/UC8nuTnyPotIT7eWDSC5REFg,예나뷰티,40
/channel/UCRXGz0uvE0uJ3351-s4J5Rg,뷰티세븐,27
/channel/UCSw0OIHny21E5tkHBYTbIIA,뷰티컬러 tv,2
/channel/UCNWqSycyh-jI4owMuRkIbQw,이정화뷰티디렉터,1
/channel/UCnpK6k2WYLhAhwAwfqWnTmA,코리아뷰티TV,없
/user/yslbeautykorea,입생로랑 뷰티(YSL Beauty),"7,910"
/channel/UC8dMrxDWNMi1w7ZOPBvOtTg,반짝반짝뷰티계,21
/channel/UC3xiAdTCimiXwj16QMoUDRw,하눌뷰티,44
/channel/UC8k2SGXASQ91xiSpW784Qag,뷰티카프캐럿,13
/channel/UCXPQhpGy0CLuFRhvM2QTh2Q,뷰티한봄,24
/channel/UCSHLsyvDKbWRjxM_Q-EH7vQ,뷰티블로거미니어쳐,7
/channel/UCG0UNXTvxU8CUXEV4BfwAeQ,네이버카페뷰티넘버원,8
/channel/UC4-qVOkCyRrdhM5pboC1UVQ,ε뷰티 박스's youtubeε,53
/channel/UCJdHqQ3Izlrn15ROmkC7ZDw,셜뷰티 _,"1,481"
/channel/UCg9AIs0oRaSWfhW78CTT7Qg,대한민국뷰티박람회,35
/channel/UC7buwq_navFjilxdYaGO0xw,0zoo 영주,"215,709"
/channel/UCg1CwR0gZUN6zVduEVlvITw,두레박 뷰티케어,2
/channel/UCBi_QCBsx6QqWWAh-_Yn0Ww,솔직한 쇼핑,141
/user/beautypolecezi,beautypole 뷰티폴,471
/channel/UCkpGHn2WR0K5TO6UbI5XcOg,서울뷰티스치과,1
/channel/UC6LeiSNp50FxYL6Ey25ilXg,뮬랑' 뷰티 Youtube,10
/channel/UCnyqsCVIUtCC9OLif4UOvGw,국제뷰티문화교육협회 IBCE,1
/channel/UCZIgPcXod87I9oHmM2GYftA,숭아 is뷰티,16
/channel/UC9K-fJYn5NtvbhYxpFLimtQ,뷰티미,145
/channel/UCrf3pHgoPI9N4IlUNbuGo0A,뷰티민트,8
/user/yootruebeutyroom,Yoo True,"287,301"
/channel/UCBG8SGDhqEXlp5sIKoSboOQ,'슈퍼뷰티'_ 프로젝트,없
/channel/UCNWjB-yhcdOrtRoQf6-e3yQ,뷰티 왕국,77
/channel/UCcXO7JShDxM_Vhy8JkgdjIA,뷰티클래스,9
/channel/UChnmaNIfGa-pyttLqfCM_2Q,더블유뷰티스쿨,2
/channel/UCTedEP7Dml-EMMNI4YBjJlA,뷰티 채널 레니썸과 레니의,없
/channel/UCyASnskN4_zTAURnq0U9TTw,도로시뷰티,48
/channel/UCu-M8BsNYQy-_yy2wBg8Jmg,SBS방송아카데미뷰티스쿨,2
/user/honeyhive0814,뷰티를바르게바르다,0
/channel/UC6-mpEk_msld717bOgONt4A,뷰티바라기,8
/user/lcw0275,르나뷰티살롱 TV,11
/user/jeyounee,BeautiPop TV,"38,506"
/channel/UC4hLUZhG_nRCM_LhE2GOxbw,뷰티뿌야의,805
/channel/UCyWu7gplY8WfDn4LzZojckQ,체리뷰티,20
/channel/UCZIMOQ-lnzq4LAzJH-YBwYg,엘레쟈뷰티,없
/channel/UCq8p3TRH6j5TlK7tOvXgBUQ,라뷰티코아동래점,2
/channel/UCrM2r9fF1-MJwxL7ywY2t0w,레페리뷰티엔터테인먼트,12
/channel/UC1HemxilU7NDMj4liFXBZ6A,비스트 X뷰티,없
/channel/UC5G1yOKVREvnOd-EwBO1ncA,지혜로운 뷰티 Yoonjihye,0
/channel/UCL33cbIY9IBJYDpvC1ZZnfQ,아카데미임뷰티,14
/channel/UCGNZFGXq15AkS9K-pnK-hPA,뷰티슈가,없
/channel/UCeS0rYuGOmNtxYcmpsU5xow,아댕 뷰티's,3
/channel/UCTpjLHRUCtyqmWquUFVYdag,뷰티케어과,없
/channel/UCuipYtrIJDZ_CX7A236XWeQ,limited beauty 리미티드 뷰티,473
/channel/UC5-dG88PdlirUgwE6LQ7myg,Beauty 렛츠뷰티,없
/channel/UCQ3M_YbaYTa9TQZ1j8CJvyg,인터내셔널뷰티피플,6
/channel/UCYghBSSgDX4FmNQzX_KV0bw,김병장의 뷰티84단,109
/user/beauty5400,뷰티라인,61
/channel/UCxm7ejPB3HVTTCiuj-RNRJw,뷰티걸메이크업,13
/channel/UCGxQj5jdFOgxl8aP0PO5mNA,뷰티시크 쯔뭉이의 ONCE TV,45
/channel/UCh1O4GnNTpHSs_3yJ-CpLNQ,학생 만들기좋아하는,333
/channel/UCKeZ-VRhn_TueM_7siMWC2w,진비아뷰티,없
/channel/UCsYLOly-k-zwytSnzxKy0Dw,&amp;사생활 뷰티,1
/channel/UCGYL9XeN9oALMvqlcXuoqdw,지니,703
/channel/UCJJFWP_4c6JZhw5rp7JkPSg,레페리 뷰티 엔터테인먼트,127
/channel/UCgukqfNUIZjg8tcScYuWmGw,뷰티레몬 Beaule,31
/channel/UC7tFzXLAkno496snL5zny2A,아뜰리에 뷰티 아카데미,2
/channel/UCUei1TDPPWjK-bad965Ft_Q,예원예술대학교 뷰티패션디자인학과 s.f.x. mu,3
/channel/UCoXEkMn3b0qs6DWL88zGb-g,대명동티아라뷰티앤스쿨,없
/channel/UCFjznesMhPHdnLAi8zcLHXg,뷰티뷰티수연이의,15
/channel/UCeShSuFg1X4MUh-EbPgulMw,아이뷰티랩 iBEAUTYLAB,14
/channel/UCPkxD9a3vtcYo8Ov2RmIDxQ,이백 Lee_baek_,"8,683"
/channel/UCv-DLVGZ5Bj3eUZ4sHlBp4A,뷰티샵블링블링예쁜언니들,1
/channel/UCdpaenA34uwEADMceJw7RjA,08 뷰티하연,14
/channel/UCZ4GMVc_gizEiLpFf-0iYVw,진혹거 겟잇뷰티,162
/channel/UCog1alnuzOZjFbHeK9oESZg,악녀의 뷰티팁,909
/channel/UCA4d_1AjC70zAkLy5qDOjKA,BEAUTY BEAUVENGERS 뷰티 뷰벤져스,168
/channel/UCZLD6WeE4YoFznpyud8UQ0A,여중생의 뷰티한 생활,19
/channel/UCc4az94hRrVkJQGwB4NbD8Q,Beauty Shop 뷰티숍/,22
/channel/UCl0rLoDoKSf5W3xDHqcmBvw,러뷰뷰티,10
/channel/UCt0yckdplPNmnyVswIon70g,뷰티태그,123
/channel/UC3BAK7QIJ1BE9TlxTW1i0yg,KKONGJI 꽁지,"148,217"
/channel/UCyD8ga8XKQ90qBYKmMiebsA,폴뷰티,3
/channel/UCr_QBNzvSm_a7mreIpTregw,민가든,"178,107"
/channel/UC0A_v0kdX7bELzC_a04fitA,초쿠의 뷰티 놀이터,29
/channel/UCP58tWnoHKhYVCk25cXgzGA,TV 뷰티셀럽,0
/channel/UCwP8BofmMKeT7gQX9rsvyyQ,뷰티 팩토리'S BeomSoo,162
/channel/UCHHMq5OVQw2TIT8wdrcgYAg,Scarlet Beauty 스칼렛뷰티,150
/channel/UCPFoSC9DVSnvCO9MTZb1j0A,JULY 줄라이,965
/channel/UChCXSCQ0ABIpCoE3K7DQE4w,캔디YouTube 뷰티,25
/channel/UClJua7qwgGCJIbWOf_dafow,뷰티라인성형외과,41
/channel/UCRfkEZpZoKSSJGDGLeJnCvQ,뷰티,없
/channel/UCWUWek5AwqvkPeil6IHkPVQ,오샵뷰티,60
/channel/UCgV1MtIVs81pC1NcKPtfs1g,뷰티애이수,6
/channel/UCVcc2wDN1ecbZBKYLRi11Sg,뷰티명가(beautymg),319
/channel/UCPn34lMWmglAIYaljinJZBg,Choi's Beauty and dailylook :: 초이스뷰티&amp;데일리룩,24
/channel/UCGjyfm6tfcgnb16QMDNr7zw,뷰티,없
/channel/UC1EGo1ObjaCM8DuvNuMGAtQ,뷰티걸즈tv 해,147
/channel/UC2YVsgKRHN2GcP_CGwws0jg,viewty company 뷰티컴퍼니,10
/channel/UCqqXrmtlxY08BNl3NnFMfpQ,유호뷰티클래스,2
/channel/UChZQ5PrcC9Wx9owTb_QTibA,뷰티소정,18
/channel/UCIn2yzg44Cbwys-Bbf6pROQ,뷰티스타그램,60
/channel/UCmlPKOgEJft12Bo77s47f0w,뷰티 ;youtube;플러스,10
/channel/UCw-rwZ0uLFXdYC9j1OEK6Ww,으니뷰티 eunee,10
/channel/UCGAxE5DQQCtH393dEOGVrCg,은봄,628
/channel/UCSrK3E3QjLKEr8VpXWNop8w,뷰티나 한,없
/user/SaraBeautyCorner,"SaraBeautyCorner - DIY, Comedy, Makeup, Nail Art","5,295,038"
/user/J1HminiWorld,달려라치킨 Dalchi,"653,522"
/channel/UC9gW47NqzI1x7e8qsflvUUw,Hanbyul 한별,"507,455"
/channel/UC-Bsa2ivAGWq7bsSPrPGFVA,입짧은햇님,"182,291"
/channel/UC3ZQbE9FKR8TwHYqTNcIXQQ,후니언,"22,630"
/channel/UCeDKv396DYJbQ546TwQD6kg,Wondin 원딘,"64,231"
/channel/UC3W3kEmrLrRfec2qNrE6w4A,Namsoon 남순,"113,756"
/channel/UCWkG1bnN155y64Vq0VCh9Ng,외질혜 (OzilTube),"251,421"
/user/VIDEOVILLAGEkr,걸스빌리지 (GIRLS VILLAGE),"522,892"
/channel/UC_u6m0H_Bhn4piW0fnmtAiw,윤진 _,"4,293"
/channel/UCby6TnEm4xha2NIncRxC2EQ,예보링,"6,992"
/channel/UCozdEQHlwm6e8GAitko-gJA,튜블러,34
/user/calarygirl,Calary Girl,"892,502"
/channel/UCrCGkT0gkXhUPxIl-4HLOHg,# 핑븐,333
/channel/UCLINS6tLCiHyBWwiHHzhdGQ,유찌 YUJJI,"16,650"
/channel/UCwEXQytc47G7VxlWsWLdV2g,리유,66
/channel/UCLL5anC78U6arpHe9H5carQ,효을,126
/channel/UCI1MVKjGF-FLTlOzpRk4ZeA,망다꼬 YouTube,"8,622"
/channel/UCmyaSB_bTYDUJDD_aXKOO3Q,HA LEE's Beauty &amp; Nail 하리,45
/channel/UCvCmbAknHXbB7kRdVSa4Kig,유니닝,344
/channel/UCUVIKg9ASgHLWjEg-ywewJA,서연 _,0
/channel/UCIJexKJvZfDdp6dPoDwF6WA,크앙 _,4
/user/koreanenglishman,영국남자 Korean Englishman,"1,939,852"
/channel/UCcT3MpRQhQda1LsZ-5ABZLw,イェフイ,253
/channel/UCzylF-vebel0jb8-kjIiKaA,한나,446
/channel/UCxl0jTPLjh6H0-r0qc8Kk6A,댤삐 #,0
/channel/UCbO5ttND81F1gTRMwx_lL-w,소찡어 sojjinga,571
/channel/UCjOslp-74AgL4gaUWvojZbw,DIA STYLE 다이아 스타일,"75,161"
/channel/UCSpmSbSpj2ZAOsCpP05ZtQg,예인_ YeIn,406
/channel/UCERG4ewvYNrhyun3q5mzxbw,자매 3,3
/channel/UCgYKTj9l0Ywn6TiyMpPi5-Q,# 채윤,631
/channel/UC7oEALwov3UiPUP6bbskekQ,해주 _,0
/user/sasakiasahi,sasakiasahi,"611,418"
/channel/UCFT-3SSuaMAG6coUJRpDDAw,얘앨 _,177
/channel/UCqNLP9rzf18JRMdna0-SE2g,랜드 # 핑크,134
/channel/UCOIoJ2bS8km79T6AC_J2PHw,ʚ 연블리 ɞ,678
/channel/UCnIL2A2IpeXwtmxRVNbAnlg,애숭ᅠᅠᅠᅠᅠᅠᅠᅠ,0
/channel/UCaU37QMamxLOCnbLwq9U2sg,썸뭉_ SSUMMOOG,18
/channel/UCCtKGOLptCtZ9iazvpUvwOw,# 쮸향,0
/channel/UCssJtcvLZjNSD_K63Rer3Qg,주연백연 Juyeon baegyeon,213
/channel/UCxSM2JGAqzmEXi-H7ijSRjw,daily downy 데일리 다우니,1
/user/PewDiePie,PewDiePie,"54,910,949"
/channel/UCLwkktWt0yw_UH2oU9GnUGw,달식,292
/channel/UCrnLH0ENAVAAVULN7UWSo_Q,현비 _,136
/channel/UCB2Nm5Dva5FVxAxoVLuK_nQ,chaerim 채림,445
/channel/UCXzdXZUjWMi8JjiiML4j5_w,4 디니_0,5
/channel/UCqdkNOS5tp4UHMcFuUWvGHQ,HaMa 하마,없
/channel/UC9Qsk7A_dVWZc6l1FRS8amQ,알짜 TV,"179,196"
/channel/UChRFfOYgUHoo1Oeugk8pJfg,하코냥 Hakonyang,"244,508"
/channel/UCpZV8leaz9mBveHPuH0nejA,엔응 _ Eneung,173
/channel/UCYmD5-IHFbYc2AsfK8RNiTQ,YOUTUBE 땅아,43
/channel/UCugbzhkB8FmThT8pjcec2VQ,소원,1
/channel/UCM95lIO0AwVQIhJvLiC3hnA,듈잉 #,8
/channel/UCDxDSRhukeZWuxEyk_1kVEw,뽀양 p o o y a n g,95
/channel/UCkmzHPB67JpEf2S5Ux9bfDg,악어의사생활,"314,172"
/channel/UCTCYh96Ex4lRWMRg0YQvlIQ,망가녀 Manganyeo,"624,764"
/channel/UCN_HjPrsJIqPaNhWvOj9zGw,아_sueelea 슬,171
/channel/UCP_8e5oBzjOMWybN0EI33Pw,. 채원,0
/channel/UCtCiO5t2voB14CmZKTkIzPQ,딩고 뮤직,"400,140"
/channel/UCTDez9stkFDf12kvCCPSQJg,월드례녈,없
/channel/UCxwha4Bo2ucllcSeG9KKLlQ,꾸미03 쭈,3
/channel/UC0RjqWMnV4p4j44hhxynqfg,네몽김,없
/channel/UC-bXqlaRs3A_s4l0yywdcBw,핀애,4
/channel/UCygv8ZW8z2aolKwGUJTUTvQ,냥이엔핑,1
/channel/UCT2OeCMtX6dBh1rgjCUVjRA,#05_ 러벨,163
/channel/UCBzEMeN0cttjTbJROe7U-Qg,꽃봄엿,없
